%time,field.header.seq,field.header.stamp,field.header.frame_id,field.data0,field.data1,field.data2,field.data3,field.data4,field.data5,field.data6,field.data7,field.data8,field.data9
1595768231273791077,17285,1595768230463875999,base_link,390,390,459,356,1044,663,734,568,424,373
1595768231275225929,17286,1595768230503875999,base_link,391,391,470,367,1055,653,724,585,441,380
1595768231276052393,17287,1595768230546875999,base_link,388,391,471,369,1056,664,776,487,416,375
1595768231278412847,17288,1595768230588875999,base_link,391,391,470,367,1055,663,744,559,425,364
1595768231280888473,17289,1595768230630875999,base_link,391,391,460,368,1045,664,744,549,435,391
1595768231282673665,17290,1595768230671875999,base_link,391,391,470,367,1055,653,724,585,451,389
1595768231283649559,17291,1595768230713875999,base_link,388,402,471,369,1056,664,745,559,426,375
1595768231285529168,17292,1595768230753875999,base_link,391,391,460,368,1066,653,755,569,435,365
1595768231289508636,17293,1595768230793875999,base_link,392,392,460,357,1044,653,724,585,451,389
1595768231289864880,17294,1595768230834875999,base_link,391,391,481,368,1066,653,744,559,425,375
1595768231290108158,17295,1595768230875875999,base_link,391,391,471,368,1066,664,744,569,527,375
1595768231290313383,17296,1595768230916283096,base_link,390,378,470,367,1058,635,758,583,428,388
1595768231290817791,17297,1595768230956283096,base_link,391,391,460,367,1055,612,734,585,441,380
1595768231291115048,17298,1595768230997283096,base_link,391,391,471,368,1045,653,775,550,415,365
1595768231297625679,17299,1595768231039283096,base_link,391,380,471,367,1044,602,734,585,430,380
1595768231297856640,17300,1595768231080283096,base_link,390,391,470,367,1044,601,734,568,424,373
1595768231298166984,17301,1595768231120283096,base_link,389,389,472,367,1068,635,747,582,428,378
1595768231298603389,17302,1595768231160283096,base_link,401,390,471,368,1055,612,755,569,415,365
1595768231301350274,17303,1595768231201283096,base_link,391,391,460,357,1065,612,744,585,441,379
1595768231301618829,17304,1595768231241283096,base_link,388,391,482,369,1056,633,745,570,528,375
1595768231305517309,17305,1595768231281283096,base_link,388,391,482,369,1046,602,745,570,447,375
1595768231321682806,17306,1595768231321283096,base_link,391,391,460,367,1044,602,744,585,451,389
1595768231364149738,17307,1595768231363283096,base_link,391,391,471,367,1055,602,744,564,522,389
1595768231403725457,17308,1595768231404283096,base_link,389,389,482,356,1057,614,747,572,428,377
1595768231444846627,17309,1595768231444283096,base_link,391,391,470,357,1044,602,734,575,441,379
1595768231489890977,17310,1595768231485283096,base_link,391,391,471,368,1055,612,775,549,425,375
1595768231525489852,17311,1595768231525283096,base_link,391,391,471,358,1045,602,734,569,425,380
1595768231569429140,17312,1595768231566283096,base_link,377,392,471,369,1056,633,766,570,528,375
1595768231607725135,17313,1595768231607283096,base_link,388,402,471,369,1056,613,745,550,426,375
1595768231649353215,17314,1595768231649283096,base_link,388,402,471,369,1056,613,745,570,426,375
1595768231693555844,17315,1595768231690283096,base_link,391,391,471,358,1045,602,734,569,435,391
1595768231734481658,17316,1595768231730283096,base_link,390,391,460,367,1044,622,734,568,435,373
1595768231771127881,17317,1595768231770283096,base_link,391,391,471,358,1045,602,734,550,415,364
1595768231808916708,17318,1595768231810283096,base_link,391,391,470,367,1044,601,734,559,435,364
1595768231852230192,17319,1595768231852283096,base_link,390,378,469,367,1058,615,758,583,439,379
1595768231892465826,17320,1595768231892283096,base_link,391,380,471,367,1055,602,744,564,430,380
1595768231933535289,17321,1595768231932283096,base_link,391,391,471,368,1045,602,744,569,425,391
1595768231977748281,17322,1595768231972283096,base_link,391,380,470,367,1044,602,744,576,441,380
1595768232012552326,17323,1595768232014283096,base_link,401,389,470,367,1065,592,744,559,415,364
1595768232055545669,17324,1595768232054283096,base_link,390,378,459,356,1068,605,747,562,439,377
1595768232095702355,17325,1595768232094283096,base_link,391,391,481,368,1055,592,744,559,445,375
1595768232134040522,17326,1595768232134283096,base_link,391,380,470,367,1055,612,744,585,441,380
1595768232174679874,17327,1595768232176283096,base_link,390,378,469,367,1058,605,758,562,459,379
1595768232218118145,17328,1595768232217283096,base_link,401,390,460,368,1045,592,744,559,415,382
1595768232258208325,17329,1595768232257283096,base_link,391,391,470,367,1044,602,755,550,415,364
1595768232296852963,17330,1595768232297283096,base_link,391,391,470,367,1065,591,755,570,517,375
1595768232337375498,17331,1595768232338283096,base_link,390,390,481,367,1044,600,743,568,414,364
1595768232379963788,17332,1595768232379283096,base_link,391,391,471,368,1045,602,755,538,425,391
1595768232420503082,17333,1595768232421283096,base_link,391,391,460,367,1065,612,734,569,517,375
1595768232463552504,17334,1595768232464283096,base_link,401,389,460,368,1045,592,744,559,415,364
1595768232507326217,17335,1595768232506283096,base_link,391,391,471,368,1045,602,755,559,435,375
1595768232546420628,17336,1595768232547283096,base_link,388,391,482,369,1056,602,755,580,447,375
1595768232587490032,17337,1595768232588283096,base_link,391,391,460,368,1045,602,786,487,415,365
1595768232630851620,17338,1595768232629283096,base_link,391,391,460,368,1045,592,734,559,425,375
1595768232669115393,17339,1595768232669283096,base_link,391,391,460,368,1055,612,734,559,517,375
1595768232709776763,17340,1595768232709283096,base_link,391,391,470,357,1055,612,734,595,441,389
1595768232750366323,17341,1595768232751283096,base_link,388,377,462,369,1057,613,746,581,437,376
1595768232795563762,17342,1595768232792283096,base_link,391,392,471,368,1055,602,734,569,452,390
1595768232833009169,17343,1595768232832283096,base_link,390,390,469,367,1044,601,734,568,445,373
1595768232872419460,17344,1595768232872283096,base_link,391,391,471,368,1066,602,734,569,425,382
1595768232914115164,17345,1595768232913283096,base_link,401,390,460,368,1055,622,734,579,435,375
1595768232953008583,17346,1595768232954283096,base_link,391,391,461,367,1044,602,755,585,451,380
1595768232993254624,17347,1595768232994283096,base_link,388,391,471,369,1056,623,735,580,447,386
1595768233034037936,17348,1595768233034283096,base_link,391,391,471,357,1055,602,744,564,533,389
1595768233074167502,17349,1595768233075283096,base_link,391,391,471,368,1045,602,724,579,425,391
1595768233116109764,17350,1595768233116283096,base_link,388,391,471,369,1056,613,745,580,436,375
1595768233155736797,17351,1595768233157283096,base_link,390,378,459,356,1048,605,747,562,439,388
1595768233197175516,17352,1595768233197283096,base_link,391,391,471,368,1045,602,744,559,506,391
1595768233236375949,17353,1595768233237283096,base_link,391,380,460,367,1044,592,755,575,441,380
1595768233276588983,17354,1595768233278283096,base_link,391,391,460,368,1066,602,744,569,425,365
1595768233319499877,17355,1595768233320283096,base_link,391,391,470,367,1044,602,734,575,451,380
1595768233361485850,17356,1595768233362283096,base_link,391,391,470,367,1055,612,744,569,517,375
1595768233401100217,17357,1595768233403283096,base_link,388,391,471,369,1056,602,755,580,447,375
1595768233448574835,17358,1595768233442444932,base_link,391,391,471,358,1045,602,734,569,435,364
1595768233489884144,17359,1595768233482444932,base_link,391,391,471,358,1045,602,744,550,415,364
1595768233523472166,17360,1595768233522444932,base_link,390,390,481,356,1055,611,754,558,424,373
1595768233564562097,17361,1595768233563444932,base_link,390,378,459,356,1058,635,737,593,449,388
1595768233605332063,17362,1595768233603444932,base_link,391,391,471,358,1045,602,734,559,506,391
1595768233647127529,17363,1595768233643444932,base_link,390,390,459,367,1058,615,737,572,439,379
1595768233684783095,17364,1595768233683444932,base_link,390,390,469,367,1054,611,733,568,434,364
1595768233724850875,17365,1595768233725444932,base_link,391,391,470,367,1065,602,744,575,522,389
1595768233767390073,17366,1595768233765444932,base_link,391,391,461,357,1034,602,744,575,430,379
1595768233806335941,17367,1595768233805444932,base_link,390,390,459,356,1048,625,747,583,449,377
1595768233846647982,17368,1595768233846444932,base_link,391,391,471,368,1055,602,734,559,435,382
1595768233887544014,17369,1595768233887444932,base_link,391,391,471,367,1055,602,734,585,451,380
1595768233927424390,17370,1595768233928444932,base_link,391,391,460,358,1055,622,744,579,435,374
1595768233969968532,17371,1595768233968444932,base_link,391,391,471,357,1044,602,745,564,430,379
1595768234010190116,17372,1595768234008444932,base_link,389,389,472,356,1047,614,747,582,499,386
1595768234049762234,17373,1595768234049444932,base_link,391,391,471,368,1055,612,734,579,435,375
1595768234091107942,17374,1595768234090444932,base_link,390,390,469,367,1044,611,734,568,424,373
1595768234129946987,17375,1595768234130444932,base_link,389,377,472,356,1057,614,736,582,530,387
1595768234172283642,17376,1595768234171444932,base_link,391,391,471,368,1055,612,755,569,435,365
1595768234217991201,17377,1595768234211444932,base_link,388,402,471,369,1056,633,766,559,426,375
1595768234255644173,17378,1595768234253444932,base_link,391,392,450,367,1065,602,734,595,451,380
1595768234295624692,17379,1595768234294444932,base_link,391,391,471,367,1055,612,734,574,430,380
1595768234334848415,17380,1595768234335444932,base_link,391,391,460,368,1045,622,734,569,435,375
1595768234377096682,17381,1595768234375444932,base_link,388,391,482,380,1046,633,755,559,426,377
1595768234416981104,17382,1595768234415444932,base_link,401,390,460,368,1045,612,755,559,415,365
1595768234458272332,17383,1595768234456444932,base_link,391,391,471,368,1055,602,744,559,425,375
1595768234498269041,17384,1595768234497444932,base_link,401,390,471,368,1055,612,755,559,415,365
1595768234537583983,17385,1595768234538444932,base_link,388,391,471,369,1056,623,755,580,436,375
1595768234579732975,17386,1595768234578444932,base_link,391,391,470,367,1055,622,755,575,451,380
1595768234623410183,17387,1595768234618444932,base_link,401,390,460,367,1044,611,734,559,415,364
1595768234660513506,17388,1595768234660444932,base_link,391,391,471,368,1055,622,744,569,445,375
1595768234702742179,17389,1595768234701444932,base_link,390,390,469,367,1044,622,744,558,424,364
1595768234741306655,17390,1595768234742444932,base_link,391,380,471,367,1044,653,744,574,421,380
1595768234783227294,17391,1595768234782444932,base_link,391,391,471,358,1045,653,744,569,415,364
1595768234823594866,17392,1595768234822444932,base_link,391,391,471,368,1055,664,744,569,435,375
1595768234864915301,17393,1595768234864444932,base_link,390,390,469,367,1065,663,744,568,434,373
1595768234906489164,17394,1595768234905444932,base_link,388,391,482,369,1066,664,745,570,436,375
1595768234945931521,17395,1595768234945444932,base_link,391,391,471,358,1045,653,734,559,476,375
1595768234986215054,17396,1595768234985444932,base_link,391,391,470,357,1034,653,744,564,430,379
1595768235027442431,17397,1595768235027444932,base_link,391,391,460,358,1045,664,734,579,445,375
1595768235068615346,17398,1595768235067444932,base_link,391,391,471,358,1045,653,744,549,415,380
1595768235108937448,17399,1595768235107444932,base_link,390,378,469,356,1068,666,758,583,449,377
1595768235148688696,17400,1595768235148444932,base_link,391,391,471,368,1055,653,744,569,517,365
1595768235191350334,17401,1595768235189444932,base_link,391,391,471,368,1045,664,744,569,425,375
1595768235231132397,17402,1595768235230444932,base_link,390,378,469,356,1048,666,747,583,530,388
1595768235272753423,17403,1595768235270444932,base_link,390,390,459,356,1058,666,758,562,428,377
1595768235311637665,17404,1595768235310444932,base_link,390,390,469,367,1064,652,733,568,434,364
1595768235351480844,17405,1595768235351444932,base_link,391,391,481,368,1045,664,724,559,435,391
1595768235392669127,17406,1595768235391444932,base_link,391,391,471,367,1044,653,724,574,461,389
1595768235432697762,17407,1595768235431444932,base_link,391,391,471,368,1045,664,755,559,517,375
1595768235472746356,17408,1595768235472444932,base_link,391,391,471,368,1066,664,744,579,425,375
1595768235514077574,17409,1595768235513444932,base_link,401,391,460,368,1055,664,755,549,415,365
1595768235555161303,17410,1595768235553444932,base_link,391,379,460,357,1055,653,755,574,533,379
1595768235596195676,17411,1595768235593444932,base_link,390,390,459,367,1058,666,788,562,439,379
1595768235635942457,17412,1595768235634444932,base_link,390,390,459,356,1044,653,744,568,434,373
1595768235676751915,17413,1595768235676444932,base_link,391,391,460,358,1045,664,734,569,425,380
1595768235717276133,17414,1595768235716444932,base_link,391,391,460,357,1044,664,755,574,441,379
1595768235756049519,17415,1595768235756444932,base_link,390,390,470,367,1044,653,734,558,424,364
1595768235800376743,17416,1595768235797444932,base_link,392,392,470,367,1044,664,744,585,451,380
1595768235839395962,17417,1595768235838444932,base_link,388,391,482,369,1056,664,745,580,487,375
1595768235878972696,17418,1595768235878444932,base_link,391,391,470,367,1055,653,734,558,425,364
1595768235919740961,17419,1595768235918444932,base_link,391,391,460,367,1044,653,754,550,425,364
1595768235962190780,17420,1595768235960444932,base_link,391,391,481,368,1045,653,744,579,456,391
1595768236004035632,17421,1595768236005413919,base_link,389,378,484,356,1057,666,736,572,481,387
1595768236046474272,17422,1595768236047413919,base_link,391,391,471,368,1045,653,744,569,441,381
1595768236087114440,17423,1595768236089413919,base_link,391,391,471,368,1045,664,734,579,467,375
1595768236127702303,17424,1595768236129413919,base_link,390,391,470,367,1055,653,775,548,476,373
1595768236170348294,17425,1595768236170413919,base_link,391,391,482,368,1055,653,734,569,517,375
1595768236208701794,17426,1595768236211413919,base_link,391,391,471,358,1045,653,744,569,435,364
1595768236249976177,17427,1595768236252413919,base_link,391,391,460,368,1045,653,744,538,415,365
1595768236290329567,17428,1595768236292413919,base_link,391,391,471,368,1045,653,744,569,445,375
1595768236331026215,17429,1595768236332413919,base_link,390,391,470,357,1044,653,734,568,516,373
1595768236370681911,17430,1595768236373413919,base_link,391,391,460,368,1055,653,744,569,425,365
1595768236412219894,17431,1595768236414413919,base_link,391,391,471,368,1045,664,744,579,435,375
1595768236452167462,17432,1595768236454413919,base_link,401,390,471,368,1045,653,734,559,415,382
1595768236492223514,17433,1595768236494413919,base_link,401,390,471,368,1055,664,744,570,435,375
1595768236532865117,17434,1595768236535413919,base_link,390,390,460,367,1044,653,744,578,434,373
1595768236574074149,17435,1595768236575413919,base_link,391,391,471,368,1055,664,734,569,517,375
1595768236615312397,17436,1595768236615413919,base_link,389,389,472,356,1057,666,757,572,530,386
1595768236653555451,17437,1595768236656413919,base_link,391,391,460,367,1044,653,744,575,430,380
1595768236695658777,17438,1595768236697413919,base_link,401,390,471,368,1066,653,755,559,415,365
1595768236734760025,17439,1595768236737413919,base_link,391,391,460,368,1055,664,744,569,415,382
1595768236774988626,17440,1595768236777413919,base_link,388,391,482,369,1066,664,745,570,518,375
1595768236817059896,17441,1595768236817413919,base_link,391,380,470,367,1055,653,755,576,441,380
1595768236857648227,17442,1595768236859413919,base_link,389,389,482,356,1057,666,757,572,428,377
1595768236900515749,17443,1595768236902413919,base_link,391,391,471,368,1045,653,744,569,435,375
1595768236942321795,17444,1595768236944413919,base_link,391,391,471,358,1045,664,734,559,435,364
1595768236984779449,17445,1595768236985413919,base_link,388,391,471,369,1066,664,766,570,436,375
1595768237023986517,17446,1595768237025413919,base_link,400,389,469,367,1054,662,743,547,414,373
1595768237062897829,17447,1595768237065413919,base_link,391,391,470,367,1044,653,734,564,430,380
1595768237103597491,17448,1595768237106413919,base_link,391,391,460,368,1045,664,744,569,425,375
1595768237144501147,17449,1595768237147413919,base_link,388,402,482,369,1066,664,776,570,447,375
1595768237185049374,17450,1595768237187413919,base_link,391,391,470,367,1055,653,744,497,415,364
1595768237225418546,17451,1595768237227413919,base_link,391,391,470,367,1044,664,765,513,430,380
1595768237264034231,17452,1595768237267413919,base_link,390,390,469,367,1055,653,744,558,424,364
1595768237306580206,17453,1595768237309413919,base_link,391,391,460,358,1045,664,734,559,425,391
1595768237346823659,17454,1595768237349413919,base_link,391,391,470,357,1045,653,734,579,435,374
1595768237387375721,17455,1595768237389413919,base_link,392,392,460,357,1044,653,734,576,430,379
1595768237427214603,17456,1595768237430413919,base_link,388,391,482,369,1056,664,755,580,487,375
1595768237467914235,17457,1595768237471413919,base_link,389,378,482,356,1057,676,767,582,448,377
1595768237509364688,17458,1595768237511413919,base_link,400,389,469,367,1044,663,754,568,414,364
1595768237549171360,17459,1595768237551413919,base_link,391,379,470,367,1055,664,755,575,451,390
1595768237591138815,17460,1595768237593413919,base_link,390,379,469,356,1058,666,747,572,541,388
1595768237631392016,17461,1595768237634413919,base_link,391,391,471,368,1045,653,775,487,415,365
1595768237670195650,17462,1595768237674413919,base_link,391,391,471,368,1045,664,786,550,425,375
1595768237713812798,17463,1595768237715413919,base_link,391,391,470,357,1034,664,724,585,461,379
1595768237758978245,17464,1595768237755413919,base_link,391,391,470,367,1044,653,754,538,425,364
1595768237796113263,17465,1595768237797413919,base_link,389,377,482,356,1047,666,757,572,428,377
1595768237837631400,17466,1595768237839413919,base_link,391,391,471,368,1045,664,744,569,425,375
1595768237882102983,17467,1595768237881413919,base_link,391,391,470,357,1044,653,734,564,441,379
1595768237920424435,17468,1595768237921413919,base_link,388,377,472,369,1057,665,756,581,437,376
1595768237959248157,17469,1595768237961413919,base_link,390,390,481,367,1054,662,734,568,445,373
1595768238004449132,17470,1595768238002413919,base_link,391,391,460,358,1066,664,744,569,415,375
1595768238042433406,17471,1595768238043413919,base_link,391,391,471,368,1066,664,744,569,425,375
1595768238081743841,17472,1595768238083413919,base_link,391,391,470,367,1044,653,734,575,441,389
1595768238121281809,17473,1595768238123413919,base_link,390,379,469,367,1058,666,758,572,428,379
1595768238161106230,17474,1595768238163413919,base_link,391,391,481,368,1066,664,734,569,466,375
1595768238202143773,17475,1595768238204413919,base_link,388,377,472,369,1057,665,756,581,529,376
1595768238243408558,17476,1595768238244413919,base_link,391,391,471,367,1055,664,724,585,441,380
1595768238296027206,17477,1595768238284413919,base_link,391,391,471,368,1066,664,734,569,435,375
1595768238324376169,17478,1595768238326413919,base_link,391,391,481,368,1055,664,744,559,425,375
1595768238364529784,17479,1595768238367413919,base_link,391,391,460,358,1045,664,744,569,415,380
1595768238410362394,17480,1595768238407413919,base_link,401,390,460,368,1055,664,765,559,435,375
1595768238443367446,17481,1595768238447413919,base_link,390,391,470,357,1044,653,734,568,434,373
1595768238485871878,17482,1595768238485563077,base_link,399,388,459,367,1044,653,743,495,413,364
1595768238527111055,17483,1595768238526563077,base_link,390,391,470,367,1044,653,734,568,445,373
1595768238568464054,17484,1595768238566563077,base_link,391,391,471,368,1045,653,734,569,476,375
1595768238615388895,17485,1595768238607563077,base_link,401,391,471,368,1055,653,755,559,415,382
1595768238649575790,17486,1595768238647563077,base_link,391,391,471,368,1045,664,734,559,533,381
1595768238690675566,17487,1595768238688563077,base_link,391,391,471,368,1035,664,744,569,425,382
1595768238730710638,17488,1595768238728563077,base_link,391,391,460,358,1045,653,755,538,435,375
1595768238770601031,17489,1595768238768563077,base_link,389,377,482,356,1047,666,757,572,438,377
1595768238811981942,17490,1595768238809563077,base_link,391,391,460,368,1045,664,744,569,435,364
1595768238853245061,17491,1595768238850563077,base_link,391,391,470,368,1045,653,765,559,435,364
1595768238897639169,17492,1595768238890563077,base_link,391,391,481,358,1066,664,744,549,425,380
1595768238939068549,17493,1595768238930563077,base_link,391,391,471,368,1045,653,786,487,435,391
1595768238975159728,17494,1595768238971563077,base_link,391,391,460,368,1055,653,734,569,517,375
1595768239013473339,17495,1595768239012563077,base_link,388,391,471,369,1066,664,766,559,426,375
1595768239054077916,17496,1595768239052563077,base_link,391,391,481,367,1065,663,734,559,466,373
1595768239094298218,17497,1595768239092563077,base_link,391,391,471,358,1055,653,755,569,425,375
1595768239135239833,17498,1595768239134563077,base_link,388,391,471,369,1046,664,755,580,528,375
1595768239174700590,17499,1595768239175563077,base_link,388,377,472,369,1057,665,736,581,447,376
1595768239216831393,17500,1595768239215563077,base_link,391,391,471,368,1045,664,765,559,415,382
1595768239256752517,17501,1595768239255563077,base_link,391,391,471,368,1055,653,734,569,517,375
1595768239299648386,17502,1595768239297563077,base_link,391,391,460,357,1055,653,734,585,420,379
1595768239339182179,17503,1595768239338563077,base_link,391,391,471,368,1055,664,734,579,435,375
1595768239378838607,17504,1595768239379563077,base_link,391,391,470,357,1044,664,734,585,441,379
1595768239420782497,17505,1595768239419563077,base_link,391,391,471,368,1045,664,744,559,425,375
1595768239461702944,17506,1595768239460563077,base_link,388,402,471,369,1056,664,745,570,436,375
1595768239502565809,17507,1595768239501563077,base_link,391,391,471,368,1045,653,744,559,476,375
1595768239544778706,17508,1595768239543563077,base_link,390,390,469,367,1054,652,733,568,434,373
1595768239584444259,17509,1595768239584563077,base_link,391,391,471,368,1045,653,734,569,452,390
1595768239628112141,17510,1595768239624563077,base_link,388,391,471,369,1056,664,735,570,468,386
1595768239666308503,17511,1595768239664563077,base_link,391,391,460,357,1034,653,734,576,441,389
1595768239706223930,17512,1595768239705563077,base_link,390,390,459,367,1054,662,723,568,434,373
1595768239747757744,17513,1595768239746563077,base_link,389,390,469,367,1044,662,733,568,434,373
1595768239786772792,17514,1595768239786563077,base_link,391,391,471,368,1055,664,734,569,476,391
1595768239828188316,17515,1595768239826563077,base_link,391,391,460,368,1066,664,765,569,441,381
1595768239869043083,17516,1595768239868563077,base_link,391,391,460,357,1044,653,744,585,441,389
1595768239909705676,17517,1595768239908563077,base_link,391,391,470,367,1055,663,734,579,435,364
1595768239950189892,17518,1595768239948563077,base_link,390,391,481,367,1055,653,775,548,477,373
1595768239988735922,17519,1595768239988563077,base_link,388,391,471,369,1056,664,745,580,426,375
1595768240030567844,17520,1595768240029563077,base_link,391,391,471,358,1045,653,734,559,506,375
1595768240070831317,17521,1595768240069563077,base_link,391,391,461,357,1044,653,734,575,430,379
1595768240118301569,17522,1595768240109563077,base_link,391,391,471,368,1055,664,744,569,425,365
1595768240160580094,17523,1595768240151563077,base_link,388,391,482,369,1066,664,745,570,436,375
1595768240196417308,17524,1595768240192563077,base_link,391,391,471,358,1055,653,775,559,435,380
1595768240233845945,17525,1595768240232563077,base_link,391,391,460,357,1055,653,745,574,430,379
1595768240276485500,17526,1595768240272563077,base_link,391,391,470,357,1044,653,734,574,461,389
1595768240315814857,17527,1595768240314563077,base_link,390,378,459,356,1068,666,768,583,428,377
1595768240357214421,17528,1595768240356563077,base_link,388,402,471,369,1056,664,755,570,426,375
1595768240401547705,17529,1595768240399563077,base_link,391,391,470,367,1065,664,744,576,441,389
1595768240450487794,17530,1595768240440563077,base_link,391,391,460,368,1066,653,734,569,425,382
1595768240483693733,17531,1595768240482563077,base_link,391,391,481,368,1066,664,744,569,435,391
1595768240525965710,17532,1595768240524563077,base_link,391,391,461,367,1034,653,744,585,441,380
1595768240567791249,17533,1595768240564563077,base_link,389,389,472,367,1068,666,757,572,499,386
1595768240606110221,17534,1595768240604563077,base_link,389,378,483,367,1047,666,767,552,428,378
1595768240646387616,17535,1595768240645563077,base_link,391,391,471,368,1045,653,734,569,517,375
1595768240687410856,17536,1595768240686563077,base_link,389,378,482,367,1057,666,747,582,438,378
1595768240728187525,17537,1595768240726563077,base_link,391,391,460,357,1055,653,765,569,415,363
1595768240768090916,17538,1595768240766563077,base_link,401,390,460,368,1066,653,734,570,435,364
1595768240808202525,17539,1595768240807563077,base_link,391,391,460,357,1055,653,724,585,441,379
1595768240849655307,17540,1595768240847563077,base_link,391,379,471,357,1044,653,734,564,502,390
1595768240888578050,17541,1595768240887563077,base_link,388,391,482,369,1056,664,745,570,447,375
1595768240929067939,17542,1595768240928563077,base_link,391,391,471,358,1045,664,734,559,435,364
1595768240968555673,17543,1595768240969563077,base_link,391,391,471,368,1055,664,724,569,425,375
1595768241010412390,17544,1595768241013272012,base_link,391,391,471,358,1055,653,725,559,476,392
1595768241050881369,17545,1595768241053272012,base_link,388,391,492,369,1046,664,745,559,436,375
1595768241090796180,17546,1595768241094272012,base_link,391,391,471,368,1045,664,734,579,435,375
1595768241131315113,17547,1595768241134272012,base_link,391,391,471,358,1045,664,744,559,435,380
1595768241172504117,17548,1595768241174272012,base_link,391,391,460,358,1055,664,744,569,425,380
1595768241212371980,17549,1595768241215272012,base_link,388,402,471,369,1056,664,766,580,447,375
1595768241253568723,17550,1595768241257272012,base_link,391,391,460,357,1065,653,734,585,451,379
1595768241296606648,17551,1595768241299272012,base_link,390,390,459,367,1054,662,734,579,465,373
1595768241337687550,17552,1595768241340272012,base_link,391,391,471,358,1055,653,744,569,517,375
1595768241378883355,17553,1595768241381272012,base_link,391,379,470,368,1058,664,749,583,490,380
1595768241419239037,17554,1595768241421272012,base_link,388,391,482,369,1056,664,745,580,447,375
1595768241459539158,17555,1595768241462272012,base_link,391,391,471,368,1055,653,734,569,527,375
1595768241499038122,17556,1595768241503272012,base_link,391,391,460,367,1044,653,734,585,441,380
1595768241542055464,17557,1595768241543272012,base_link,391,391,470,367,1055,653,755,569,435,364
1595768241581034048,17558,1595768241583272012,base_link,390,379,480,367,1054,663,749,584,440,380
1595768241621122579,17559,1595768241624272012,base_link,391,391,471,368,1045,664,765,559,425,375
1595768241663097663,17560,1595768241665272012,base_link,391,391,471,368,1066,653,744,569,415,365
1595768241701141752,17561,1595768241705272012,base_link,391,391,460,357,1034,653,744,574,430,379
1595768241742916946,17562,1595768241745272012,base_link,400,389,460,367,1065,653,734,568,424,364
1595768241783827280,17563,1595768241787272012,base_link,391,391,471,367,1055,653,724,585,543,389
1595768241825098935,17564,1595768241827272012,base_link,391,391,471,368,1045,664,775,559,415,382
1595768241864747035,17565,1595768241867272012,base_link,391,391,481,368,1055,664,755,559,466,391
1595768241904262989,17566,1595768241907272012,base_link,391,391,460,368,1045,664,734,559,415,364
1595768241945757561,17567,1595768241949272012,base_link,390,390,459,356,1048,666,747,572,428,377
1595768241987314931,17568,1595768241990272012,base_link,391,380,460,367,1055,653,734,585,441,380
1595768242028024863,17569,1595768242030272012,base_link,401,391,471,368,1055,653,744,569,415,365
1595768242069093753,17570,1595768242070272012,base_link,391,391,470,367,1044,653,744,569,435,364
1595768242114503390,17571,1595768242111272012,base_link,391,391,460,358,1045,664,786,549,415,380
1595768242149720868,17572,1595768242152272012,base_link,389,377,482,356,1057,666,747,572,530,377
1595768242193956030,17573,1595768242192272012,base_link,391,391,482,368,1045,653,734,579,425,375
1595768242230886830,17574,1595768242233272012,base_link,391,391,481,357,1045,664,734,569,517,375
1595768242272944340,17575,1595768242274272012,base_link,391,391,461,357,1065,664,734,585,441,389
1595768242311761550,17576,1595768242315272012,base_link,388,391,471,369,1056,664,755,580,447,375
1595768242353059303,17577,1595768242355272012,base_link,391,391,471,368,1055,653,734,559,506,375
1595768242395412022,17578,1595768242395272012,base_link,391,391,470,357,1044,664,734,585,441,389
1595768242452725116,17579,1595768242437272012,base_link,390,378,469,367,1068,666,758,572,439,379
1595768242475495231,17580,1595768242478272012,base_link,390,379,459,356,1058,666,758,562,418,377
1595768242514647028,17581,1595768242518272012,base_link,391,391,470,357,1055,653,734,585,533,389
1595768242557511235,17582,1595768242558272012,base_link,391,391,481,358,1045,664,755,559,415,380
1595768242597128123,17583,1595768242600272012,base_link,388,391,482,369,1056,664,766,570,447,375
1595768242637649614,17584,1595768242640272012,base_link,391,391,471,358,1055,664,734,579,435,364
1595768242678158917,17585,1595768242680272012,base_link,391,391,460,358,1055,664,755,559,435,380
1595768242716340018,17586,1595768242720272012,base_link,390,390,469,356,1058,666,747,583,439,377
1595768242759115178,17587,1595768242762272012,base_link,401,390,471,368,1055,664,744,550,415,365
1595768242799658077,17588,1595768242803272012,base_link,391,391,470,357,1055,664,744,559,415,375
1595768242840223385,17589,1595768242843272012,base_link,391,391,460,357,1044,664,724,585,441,379
1595768242880069135,17590,1595768242883272012,base_link,388,402,471,369,1066,664,745,570,436,385
1595768242920170195,17591,1595768242924272012,base_link,390,390,481,356,1044,662,775,558,506,373
1595768242962308881,17592,1595768242964272012,base_link,391,380,471,367,1055,653,734,574,441,380
1595768243002432216,17593,1595768243004272012,base_link,391,391,460,368,1045,664,734,569,435,391
1595768243043587773,17594,1595768243045272012,base_link,389,378,472,356,1068,666,747,582,438,377
1595768243085242248,17595,1595768243087272012,base_link,389,378,472,356,1057,666,757,582,448,377
1595768243124807188,17596,1595768243128272012,base_link,391,391,471,368,1055,653,744,559,415,365
1595768243167202659,17597,1595768243170272012,base_link,389,378,472,367,1068,666,747,572,428,378
1595768243207806729,17598,1595768243210272012,base_link,391,391,470,357,1044,653,734,585,451,389
1595768243247878083,17599,1595768243250272012,base_link,391,391,471,368,1055,653,744,579,435,375
1595768243289242927,17600,1595768243291272012,base_link,391,391,471,368,1055,664,765,559,425,375
1595768243328947871,17601,1595768243333272012,base_link,391,391,471,368,1045,664,744,559,435,382
1595768243370828568,17602,1595768243373272012,base_link,390,378,469,367,1058,666,737,583,449,379
1595768243410568302,17603,1595768243413272012,base_link,391,391,471,368,1045,653,744,559,517,391
1595768243452182532,17604,1595768243454272012,base_link,391,391,470,357,1044,653,744,559,476,375
1595768243491751308,17605,1595768243495272012,base_link,387,391,482,369,1066,664,745,580,426,375
1595768243532103255,17606,1595768243535272012,base_link,391,391,482,368,1055,664,775,569,435,364
1595768243573682911,17607,1595768243573374109,base_link,391,391,482,369,1045,654,734,569,435,366
1595768243614479475,17608,1595768243615374109,base_link,390,390,469,367,1054,653,734,568,434,373
1595768243656395661,17609,1595768243655374109,base_link,391,391,481,368,1045,653,765,559,435,375
1595768243696486956,17610,1595768243695374109,base_link,391,391,460,358,1055,653,755,569,517,375
1595768243733786442,17611,1595768243736374109,base_link,377,392,492,369,1056,664,745,580,528,375
1595768243775942634,17612,1595768243776374109,base_link,391,391,471,367,1034,653,724,585,441,380
1595768243817456419,17613,1595768243816374109,base_link,391,391,471,358,1055,664,744,569,425,380
1595768243856075775,17614,1595768243857374109,base_link,389,377,482,356,1057,666,747,572,519,387
1595768243898049605,17615,1595768243899374109,base_link,391,391,471,358,1045,653,775,559,517,375
1595768243938577362,17616,1595768243941374109,base_link,401,390,471,368,1055,664,755,570,425,365
1595768243982214339,17617,1595768243982374109,base_link,391,391,460,357,1065,653,745,585,420,379
1595768244024102627,17618,1595768244024374109,base_link,391,391,471,368,1045,664,744,569,425,382
1595768244065001723,17619,1595768244064374109,base_link,389,377,482,356,1057,666,747,582,448,387
1595768244104636370,17620,1595768244104374109,base_link,388,402,482,369,1056,664,745,580,436,375
1595768244143725954,17621,1595768244145374109,base_link,390,391,460,357,1055,673,744,568,414,363
1595768244187665188,17622,1595768244185374109,base_link,391,391,471,368,1045,653,744,569,404,382
1595768244225881081,17623,1595768244225374109,base_link,391,391,471,368,1045,653,765,559,415,364
1595768244265594307,17624,1595768244266374109,base_link,391,380,470,357,1044,653,744,575,441,379
1595768244306981564,17625,1595768244307374109,base_link,391,391,471,367,1055,653,744,585,441,389
1595768244346237687,17626,1595768244348374109,base_link,391,391,471,368,1055,664,755,559,425,365
1595768244388455393,17627,1595768244388374109,base_link,390,390,469,367,1058,677,758,572,439,379
1595768244428522832,17628,1595768244428374109,base_link,391,391,470,357,1055,653,734,559,435,375
1595768244469704151,17629,1595768244470374109,base_link,391,391,471,368,1045,653,734,569,435,391
1595768244509982042,17630,1595768244510374109,base_link,391,391,470,357,1044,653,734,575,522,389
1595768244548728840,17631,1595768244550374109,base_link,391,391,470,367,1044,653,734,574,522,389
1595768244590302657,17632,1595768244591374109,base_link,401,391,471,368,1055,653,755,559,425,382
1595768244632817385,17633,1595768244632374109,base_link,389,377,482,356,1057,666,757,561,438,377
1595768244672350768,17634,1595768244672374109,base_link,391,391,481,358,1066,664,775,559,415,380
1595768244715473515,17635,1595768244712374109,base_link,401,389,470,357,1044,653,764,538,415,363
1595768244753364326,17636,1595768244753374109,base_link,391,391,470,357,1055,653,724,595,451,379
1595768244796682134,17637,1595768244796374109,base_link,388,391,471,369,1056,664,745,581,436,375
1595768244840232851,17638,1595768244838374109,base_link,390,378,469,367,1068,666,737,583,439,379
1595768244878624959,17639,1595768244878374109,base_link,391,391,460,358,1045,653,744,569,517,375
1595768244919900670,17640,1595768244919374109,base_link,388,391,471,369,1056,664,755,570,426,375
1595768244965826153,17641,1595768244960374109,base_link,391,391,470,357,1044,664,734,595,451,389
1595768245003902713,17642,1595768245001374109,base_link,391,391,471,368,1066,664,724,580,425,374
1595768245047885134,17643,1595768245042374109,base_link,391,392,460,358,1045,653,724,579,452,390
1595768245083101494,17644,1595768245082374109,base_link,388,402,482,369,1056,664,755,580,426,375
1595768245122685866,17645,1595768245122374109,base_link,391,391,471,368,1055,664,734,569,435,365
1595768245167142294,17646,1595768245163374109,base_link,391,391,460,368,1045,653,734,569,435,375
1595768245204093125,17647,1595768245204374109,base_link,391,391,471,358,1045,653,734,569,435,375
1595768245245407976,17648,1595768245244374109,base_link,391,391,470,357,1044,653,724,595,451,389
1595768245284408204,17649,1595768245284374109,base_link,391,391,471,368,1045,664,744,569,527,375
1595768245324436582,17650,1595768245325374109,base_link,391,391,470,357,1044,653,724,585,441,379
1595768245365005678,17651,1595768245365374109,base_link,388,391,471,369,1046,664,745,570,518,375
1595768245405232951,17652,1595768245405374109,base_link,389,377,472,356,1057,666,747,582,438,377
1595768245446400575,17653,1595768245445374109,base_link,390,391,460,357,1065,653,744,568,425,373
1595768245487418322,17654,1595768245487374109,base_link,401,391,460,368,1045,653,744,559,415,382
1595768245527895078,17655,1595768245528374109,base_link,391,391,461,357,1055,664,734,575,441,379
1595768245567741047,17656,1595768245568374109,base_link,401,390,471,368,1045,653,755,559,415,365
1595768245607705499,17657,1595768245608374109,base_link,391,391,470,358,1045,664,744,559,415,380
1595768245647852903,17658,1595768245649374109,base_link,388,391,492,369,1056,664,745,570,528,375
1595768245689947944,17659,1595768245691374109,base_link,391,391,470,357,1044,664,744,585,451,379
1595768245732790441,17660,1595768245733374109,base_link,391,391,470,357,1055,653,775,574,522,389
1595768245774921366,17661,1595768245773374109,base_link,391,391,471,358,1045,664,744,569,435,364
1595768245813826667,17662,1595768245813374109,base_link,391,391,471,358,1055,664,734,559,506,391
1595768245853700090,17663,1595768245854374109,base_link,391,391,470,367,1055,664,744,569,435,375
1595768245894479853,17664,1595768245894374109,base_link,391,391,460,358,1045,664,744,569,517,364
1595768245934428710,17665,1595768245934374109,base_link,388,391,471,369,1056,664,745,580,447,375
1595768245976731996,17666,1595768245975374109,base_link,391,391,460,358,1055,653,734,559,435,375
1595768246014690353,17667,1595768246016374109,base_link,391,391,471,358,1045,664,734,569,425,375
1595768246054808931,17668,1595768246056374109,base_link,391,391,471,358,1055,654,734,580,435,374
1595768246097587781,17669,1595768246096422986,base_link,388,391,482,369,1056,664,755,559,426,375
1595768246138242890,17670,1595768246136422986,base_link,391,391,471,358,1045,653,734,569,425,391
1595768246178482358,17671,1595768246178422986,base_link,391,391,460,357,1055,653,755,574,430,379
1595768246218930598,17672,1595768246218422986,base_link,389,377,472,356,1068,676,747,561,428,377
1595768246257998263,17673,1595768246258422986,base_link,391,392,471,368,1045,653,744,569,431,381
1595768246299441872,17674,1595768246299422986,base_link,388,391,482,369,1056,664,735,590,436,375
1595768246340370486,17675,1595768246340422986,base_link,391,391,471,358,1045,653,734,559,506,391
1595768246381964283,17676,1595768246380422986,base_link,391,391,470,357,1044,664,755,564,430,379
1595768246420876632,17677,1595768246420422986,base_link,391,391,460,357,1055,653,734,575,441,389
1595768246460027635,17678,1595768246461422986,base_link,391,391,471,368,1055,653,755,559,425,375
1595768246501746700,17679,1595768246501422986,base_link,391,391,470,367,1055,653,734,559,425,375
1595768246542559206,17680,1595768246541422986,base_link,389,377,472,356,1068,666,747,582,428,377
1595768246584015865,17681,1595768246582422986,base_link,401,390,460,358,1066,653,744,559,415,380
1595768246623633925,17682,1595768246623422986,base_link,391,391,460,367,1055,653,755,585,441,380
1595768246663251732,17683,1595768246664422986,base_link,391,380,471,367,1044,653,755,574,451,390
1595768246705174516,17684,1595768246704422986,base_link,388,391,471,369,1056,664,745,580,426,375
1595768246745255140,17685,1595768246744422986,base_link,388,377,472,369,1057,665,746,581,437,376
1595768246786674732,17686,1595768246785422986,base_link,391,391,460,368,1045,664,734,569,435,391
1595768246826646218,17687,1595768246826422986,base_link,391,391,481,368,1055,653,734,559,517,375
1595768246866390996,17688,1595768246866422986,base_link,390,390,481,367,1054,662,734,568,516,373
1595768246909973317,17689,1595768246907422986,base_link,388,402,471,369,1056,664,745,580,436,375
1595768246948346883,17690,1595768246948422986,base_link,391,391,481,368,1055,664,734,579,435,391
1595768246989316479,17691,1595768246988422986,base_link,391,391,470,357,1044,664,755,575,430,379
1595768247031110392,17692,1595768247028422986,base_link,390,390,469,356,1058,666,758,572,530,387
1595768247067670774,17693,1595768247069422986,base_link,391,391,480,357,1044,653,734,564,461,379
1595768247109471753,17694,1595768247109422986,base_link,390,379,469,356,1068,666,758,572,449,388
1595768247149722977,17695,1595768247149422986,base_link,391,391,471,368,1045,664,734,569,445,375
1595768247191996984,17696,1595768247190422986,base_link,391,391,471,368,1045,653,734,559,415,382
1595768247233268511,17697,1595768247231422986,base_link,391,392,460,368,1045,653,734,569,452,390
1595768247282013416,17698,1595768247272422986,base_link,388,391,482,369,1046,664,745,570,436,375
1595768247313873455,17699,1595768247312422986,base_link,391,391,471,368,1045,653,734,559,467,391
1595768247354883043,17700,1595768247352422986,base_link,391,391,471,368,1055,664,755,569,415,375
1595768247395360511,17701,1595768247394422986,base_link,391,391,471,358,1055,653,755,559,517,380
1595768247436790614,17702,1595768247436422986,base_link,389,378,472,356,1068,666,747,572,438,377
1595768247476297119,17703,1595768247477422986,base_link,391,391,481,368,1045,653,744,559,517,365
1595768247519362583,17704,1595768247517422986,base_link,391,391,460,357,1055,653,744,550,415,375
1595768247558236006,17705,1595768247557422986,base_link,391,391,460,368,1045,653,734,579,425,365
1595768247598814328,17706,1595768247598422986,base_link,391,391,470,367,1044,653,786,574,441,380
1595768247643341847,17707,1595768247638422986,base_link,391,391,470,368,1055,664,724,579,425,374
1595768247682712484,17708,1595768247678422986,base_link,391,391,460,357,1044,664,775,564,430,379
1595768247721521212,17709,1595768247719422986,base_link,377,392,482,369,1056,664,745,570,528,375
1595768247760158818,17710,1595768247760422986,base_link,390,390,469,367,1044,663,744,558,434,373
1595768247802086632,17711,1595768247800422986,base_link,391,391,471,368,1055,664,734,569,456,375
1595768247841139678,17712,1595768247840422986,base_link,391,391,471,368,1055,653,755,559,415,365
1595768247881952282,17713,1595768247881422986,base_link,391,391,460,358,1045,653,734,559,435,364
1595768247922715234,17714,1595768247922422986,base_link,387,391,471,369,1066,664,735,580,446,375
1595768247966229849,17715,1595768247962422986,base_link,391,379,471,357,1034,653,734,564,484,390
1595768248009231645,17716,1595768248002422986,base_link,388,391,471,369,1056,664,745,559,426,375
1595768248045097831,17717,1595768248044422986,base_link,390,391,470,367,1044,663,744,558,434,373
1595768248085290345,17718,1595768248085422986,base_link,391,391,481,368,1066,653,734,569,517,375
1595768248131141690,17719,1595768248125422986,base_link,401,390,471,368,1066,664,744,550,415,365
1595768248165470995,17720,1595768248165422986,base_link,391,391,471,368,1055,664,734,579,445,375
1595768248207986072,17721,1595768248208422986,base_link,391,391,460,358,1066,664,755,569,527,375
1595768248249645790,17722,1595768248250422986,base_link,391,391,470,367,1034,653,724,585,451,380
1595768248308807938,17723,1595768248290422986,base_link,390,391,481,367,1044,653,723,578,434,373
1595768248335163134,17724,1595768248332422986,base_link,388,391,471,369,1056,664,755,580,477,375
1595768248373651754,17725,1595768248372422986,base_link,390,390,469,367,1054,662,733,547,516,373
1595768248413464411,17726,1595768248413422986,base_link,401,390,471,368,1066,653,744,569,415,365
1595768248454247346,17727,1595768248454422986,base_link,388,391,471,369,1066,664,735,580,447,375
1595768248495369415,17728,1595768248494422986,base_link,391,391,460,368,1045,664,755,559,435,365
1595768248533655500,17729,1595768248534422986,base_link,391,391,471,368,1055,664,734,559,446,391
1595768248576275835,17730,1595768248575422986,base_link,390,390,460,357,1055,663,734,568,434,373
1595768248617666848,17731,1595768248616995960,base_link,388,391,471,369,1056,664,735,580,436,375
1595768248658394851,17732,1595768248656995960,base_link,391,391,460,358,1045,664,734,559,435,364
1595768248698634809,17733,1595768248696995960,base_link,388,391,471,369,1066,664,766,570,436,375
1595768248738643859,17734,1595768248736995960,base_link,391,391,471,368,1066,664,744,569,435,375
1595768248778964856,17735,1595768248778995960,base_link,401,390,481,358,1045,653,744,569,425,364
1595768248820167765,17736,1595768248818995960,base_link,391,391,460,357,1055,653,755,574,420,379
1595768248859793415,17737,1595768248858995960,base_link,401,390,471,368,1055,653,734,569,435,375
1595768248901538501,17738,1595768248899995960,base_link,391,391,470,357,1055,653,724,585,441,389
1595768248941376904,17739,1595768248940995960,base_link,391,391,471,358,1066,653,744,559,517,391
1595768248981651926,17740,1595768248981995960,base_link,401,390,460,358,1045,653,765,487,415,364
1595768249022686569,17741,1595768249021995960,base_link,400,389,460,367,1044,663,754,558,414,373
1595768249062490755,17742,1595768249061995960,base_link,390,390,469,367,1044,662,733,579,445,364
1595768249105236825,17743,1595768249103995960,base_link,391,391,471,358,1045,653,734,559,435,375
1595768249145673218,17744,1595768249145995960,base_link,401,390,460,368,1045,653,744,549,415,365
1595768249186229503,17745,1595768249187995960,base_link,388,391,482,369,1056,664,745,570,426,375
1595768249230187513,17746,1595768249228995960,base_link,391,391,470,367,1044,653,744,595,451,380
1595768249272049793,17747,1595768249270995960,base_link,391,391,460,357,1055,653,734,569,517,375
1595768249312373101,17748,1595768249310995960,base_link,390,390,481,367,1044,653,744,558,424,373
1595768249352097404,17749,1595768249350995960,base_link,391,391,471,358,1055,653,744,569,517,375
1595768249391845777,17750,1595768249392995960,base_link,391,391,471,357,1034,653,734,585,451,389
1595768249434328605,17751,1595768249432995960,base_link,390,390,469,367,1055,663,734,578,466,373
1595768249475107109,17752,1595768249472995960,base_link,391,391,460,358,1045,653,734,569,415,363
1595768249514552725,17753,1595768249513995960,base_link,391,391,471,368,1066,664,755,559,517,375
1595768249555115452,17754,1595768249554995960,base_link,391,391,470,367,1044,653,724,585,451,389
1595768249594384257,17755,1595768249594995960,base_link,401,390,460,368,1055,664,744,559,415,365
1595768249636093246,17756,1595768249634995960,base_link,388,391,482,369,1056,664,745,570,436,375
1595768249677858189,17757,1595768249675995960,base_link,391,379,461,367,1055,653,734,564,481,390
1595768249717203012,17758,1595768249715995960,base_link,389,378,482,367,1057,676,747,572,438,378
1595768249758093168,17759,1595768249755995960,base_link,391,391,471,368,1045,664,755,569,527,375
1595768249802412668,17760,1595768249795995960,base_link,391,391,471,368,1055,664,734,569,435,375
1595768249838239451,17761,1595768249837995960,base_link,391,391,470,368,1055,664,744,559,425,364
1595768249878969720,17762,1595768249878995960,base_link,389,389,482,356,1057,666,747,552,428,386
1595768249920218558,17763,1595768249918995960,base_link,391,391,471,368,1055,653,744,559,415,382
1595768249959740818,17764,1595768249958995960,base_link,391,391,470,367,1044,653,734,585,451,389
1595768249999289843,17765,1595768249999995960,base_link,389,377,482,356,1068,666,757,500,428,377
1595768250044157706,17766,1595768250042995960,base_link,390,390,459,356,1079,666,747,583,530,387
1595768250084618218,17767,1595768250084995960,base_link,388,391,492,369,1056,664,745,498,489,375
1595768250127631820,17768,1595768250126995960,base_link,391,391,471,358,1045,653,734,559,506,391
1595768250168413770,17769,1595768250167995960,base_link,401,389,470,367,1045,653,744,550,415,364
1595768250211360941,17770,1595768250208995960,base_link,391,380,471,367,1044,653,734,574,451,380
1595768250257215318,17771,1595768250248995960,base_link,388,391,471,369,1046,664,766,559,426,375
1595768250298061566,17772,1595768250288995960,base_link,401,389,470,357,1044,664,734,574,441,389
1595768250336041401,17773,1595768250330995960,base_link,391,391,471,367,1055,653,734,564,484,389
1595768250372261814,17774,1595768250370995960,base_link,391,391,460,367,1044,664,734,575,430,380
1595768250412578976,17775,1595768250410995960,base_link,390,390,469,367,1044,662,744,568,445,373
1595768250453964636,17776,1595768250451995960,base_link,388,391,492,369,1056,675,745,580,426,375
1595768250499285693,17777,1595768250492995960,base_link,391,391,471,368,1066,653,755,550,415,364
1595768250541154468,17778,1595768250532995960,base_link,391,391,471,357,1044,653,755,574,441,379
1595768250574128129,17779,1595768250572995960,base_link,389,378,472,356,1057,666,747,572,438,377
1595768250614166012,17780,1595768250613995960,base_link,391,391,470,368,1045,653,734,569,435,364
1595768250654854638,17781,1595768250654995960,base_link,391,391,460,368,1055,653,744,559,517,375
1595768250695859861,17782,1595768250694995960,base_link,389,390,469,367,1054,662,733,568,434,373
1595768250735769394,17783,1595768250734995960,base_link,391,391,460,368,1035,653,765,559,415,382
1595768250776650780,17784,1595768250775995960,base_link,391,391,460,357,1034,653,744,576,522,389
1595768250818104397,17785,1595768250815995960,base_link,391,391,471,368,1045,664,734,559,425,382
1595768250858051957,17786,1595768250855995960,base_link,391,391,460,357,1034,653,734,576,533,389
1595768250896378777,17787,1595768250895995960,base_link,391,391,460,357,1055,653,744,554,441,379
1595768250938310429,17788,1595768250938995960,base_link,391,391,471,368,1066,664,755,549,425,375
1595768250981450063,17789,1595768250980995960,base_link,391,391,471,358,1055,664,734,569,425,375
1595768251023272075,17790,1595768251022995960,base_link,391,391,461,357,1034,664,734,585,430,379
1595768251069377852,17791,1595768251063995960,base_link,388,391,482,369,1056,664,755,559,426,375
1595768251106446631,17792,1595768251105995960,base_link,391,391,470,367,1045,655,734,569,435,364
1595768251148259616,17793,1595768251153594881,base_link,391,391,481,368,1045,664,755,569,435,375
1595768251190754903,17794,1595768251193594881,base_link,391,391,471,368,1066,664,744,569,517,375
1595768251228045182,17795,1595768251234594881,base_link,389,377,472,356,1057,666,757,510,428,377
1595768251269478247,17796,1595768251275594881,base_link,391,391,460,368,1066,653,734,569,435,365
1595768251309515053,17797,1595768251316594881,base_link,391,391,460,357,1044,664,734,564,430,379
1595768251350834125,17798,1595768251356594881,base_link,391,391,471,358,1055,653,734,559,517,375
1595768251391068290,17799,1595768251397594881,base_link,391,391,460,368,1066,664,744,569,517,391
1595768251432639195,17800,1595768251437594881,base_link,388,402,482,369,1066,664,745,570,528,375
1595768251472355988,17801,1595768251477594881,base_link,391,392,470,367,1044,664,734,576,482,389
1595768251510719649,17802,1595768251517594881,base_link,391,391,470,357,1055,653,734,585,451,379
1595768251552560768,17803,1595768251558594881,base_link,389,389,482,356,1057,676,767,561,480,386
1595768251595592771,17804,1595768251598594881,base_link,391,391,471,358,1055,653,744,569,517,374
1595768251645067876,17805,1595768251639594881,base_link,391,391,471,368,1066,664,755,579,517,375
1595768251673237116,17806,1595768251679594881,base_link,391,391,471,368,1045,653,734,559,517,382
1595768251712338239,17807,1595768251719594881,base_link,391,391,471,358,1045,653,744,579,435,375
1595768251754004597,17808,1595768251760594881,base_link,391,391,470,367,1044,653,744,576,441,380
1595768251794273899,17809,1595768251801594881,base_link,390,390,470,367,1055,653,744,568,424,364
1595768251841250452,17810,1595768251841594881,base_link,391,391,481,368,1045,664,755,559,435,382
1595768251876317537,17811,1595768251882594881,base_link,391,391,471,368,1055,653,734,579,435,375
1595768251915871876,17812,1595768251922594881,base_link,391,391,470,357,1055,653,734,576,441,379
1595768251957556972,17813,1595768251963594881,base_link,391,391,471,368,1045,664,765,569,425,365
1595768251997751464,17814,1595768252003594881,base_link,391,391,460,358,1045,664,734,559,425,380
1595768252038230560,17815,1595768252043594881,base_link,391,391,471,368,1055,664,734,569,435,375
1595768252079396916,17816,1595768252084594881,base_link,390,390,469,367,1044,653,734,558,424,364
1595768252117637885,17817,1595768252125594881,base_link,391,391,461,357,1044,664,734,585,441,379
1595768252160249707,17818,1595768252165594881,base_link,390,390,469,367,1054,653,774,557,516,373
1595768252203702163,17819,1595768252205594881,base_link,391,391,481,368,1045,653,734,569,445,365
1595768252246396055,17820,1595768252246594881,base_link,391,391,471,358,1055,664,734,569,435,363
1595768252283116098,17821,1595768252286594881,base_link,391,391,460,368,1045,653,744,550,415,365
1595768252319049043,17822,1595768252326594881,base_link,377,392,482,369,1056,664,745,580,528,387
1595768252360939982,17823,1595768252367594881,base_link,377,392,482,369,1056,664,745,570,528,375
1595768252402135162,17824,1595768252407594881,base_link,390,390,469,367,1054,663,734,579,516,373
1595768252442444401,17825,1595768252447594881,base_link,390,378,469,356,1048,666,758,572,428,377
1595768252483234507,17826,1595768252488594881,base_link,391,391,471,368,1055,664,734,569,425,365
1595768252521416169,17827,1595768252529594881,base_link,391,391,460,358,1055,664,744,569,435,375
1595768252563588643,17828,1595768252569594881,base_link,391,391,470,357,1044,653,735,575,451,379
1595768252603060274,17829,1595768252609594881,base_link,400,388,470,367,1065,663,744,548,414,364
1595768252644990020,17830,1595768252651594881,base_link,391,391,471,368,1055,653,796,497,425,391
1595768252686755496,17831,1595768252693594881,base_link,391,391,471,368,1045,653,734,559,517,391
1595768252726565406,17832,1595768252734594881,base_link,401,391,460,358,1045,653,734,559,415,380
1595768252770621913,17833,1595768252776594881,base_link,390,390,469,367,1054,653,733,568,434,373
1595768252813699277,17834,1595768252818594881,base_link,389,378,482,356,1057,666,757,552,428,377
1595768252854699213,17835,1595768252858594881,base_link,391,391,460,357,1044,653,744,585,441,379
1595768252892986410,17836,1595768252898594881,base_link,389,389,483,356,1057,666,736,582,448,377
1595768252932989824,17837,1595768252938594881,base_link,390,391,470,367,1044,653,734,568,434,364
1595768252974658014,17838,1595768252980594881,base_link,391,391,471,368,1045,664,744,538,415,382
1595768253018198976,17839,1595768253020594881,base_link,391,391,471,368,1045,653,734,579,435,375
1595768253055270133,17840,1595768253060594881,base_link,391,391,470,367,1055,664,744,585,430,380
1595768253094708131,17841,1595768253101594881,base_link,391,391,460,368,1055,653,724,569,441,390
1595768253134777663,17842,1595768253142594881,base_link,389,377,482,367,1068,676,757,561,438,378
1595768253176910645,17843,1595768253182594881,base_link,391,391,460,367,1055,664,744,550,435,364
1595768253218669237,17844,1595768253222594881,base_link,388,402,482,369,1066,664,755,559,436,375
1595768253257474237,17845,1595768253263594881,base_link,391,391,470,357,1055,653,734,569,445,375
1595768253297102668,17846,1595768253303594881,base_link,391,391,471,368,1055,664,734,569,435,375
1595768253335758192,17847,1595768253343594881,base_link,391,392,471,358,1055,653,744,569,452,380
1595768253377286972,17848,1595768253384594881,base_link,388,391,471,369,1046,664,735,580,518,386
1595768253418487873,17849,1595768253425594881,base_link,391,391,471,368,1066,664,744,579,445,375
1595768253459166985,17850,1595768253465594881,base_link,391,391,471,368,1055,653,744,569,435,375
1595768253499806080,17851,1595768253505594881,base_link,391,391,481,357,1044,663,734,569,517,373
1595768253539193110,17852,1595768253547594881,base_link,389,377,472,356,1068,666,747,582,448,377
1595768253582151238,17853,1595768253589594881,base_link,391,391,471,368,1045,664,734,569,517,375
1595768253628590499,17854,1595768253629594881,base_link,391,391,471,368,1066,664,744,569,517,373
1595768253666394179,17855,1595768253666760116,base_link,401,390,471,368,1055,664,744,548,415,365
1595768253707927693,17856,1595768253706760116,base_link,390,390,469,367,1058,666,747,583,449,387
1595768253749901913,17857,1595768253748760116,base_link,391,391,471,368,1045,653,744,569,425,375
1595768253787988403,17858,1595768253789760116,base_link,391,391,471,368,1055,653,744,569,425,365
1595768253828733961,17859,1595768253829760116,base_link,389,390,469,367,1054,662,733,557,526,373
1595768253869871532,17860,1595768253869760116,base_link,401,390,460,368,1066,664,734,569,425,365
1595768253909911606,17861,1595768253911760116,base_link,401,390,471,368,1045,664,755,569,425,375
1595768253950894490,17862,1595768253952760116,base_link,391,391,461,367,1044,664,734,575,441,380
1595768253993268481,17863,1595768253992760116,base_link,391,391,460,367,1044,653,734,574,451,380
1595768254031731612,17864,1595768254032760116,base_link,391,391,460,368,1066,664,734,569,425,364
1595768254071819217,17865,1595768254073760116,base_link,391,391,471,368,1045,653,744,559,425,382
1595768254113213344,17866,1595768254114760116,base_link,391,391,460,368,1045,653,734,559,435,375
1595768254154117394,17867,1595768254154760116,base_link,388,391,471,369,1056,664,776,550,426,375
1595768254193156162,17868,1595768254194760116,base_link,390,390,459,367,1054,652,734,568,516,373
1595768254234884589,17869,1595768254235760116,base_link,391,391,471,368,1045,653,744,569,425,375
1595768254274425169,17870,1595768254276760116,base_link,391,391,481,368,1055,653,734,559,425,365
1595768254317550707,17871,1595768254316760116,base_link,391,391,460,358,1055,653,734,559,435,364
1595768254354929342,17872,1595768254356760116,base_link,391,391,471,368,1045,664,734,579,435,375
1595768254396764331,17873,1595768254396760116,base_link,391,391,460,367,1044,653,744,550,415,364
1595768254439668916,17874,1595768254438760116,base_link,390,378,469,356,1068,666,768,572,530,377
1595768254477418647,17875,1595768254478760116,base_link,391,391,460,357,1065,653,734,574,441,379
1595768254518812367,17876,1595768254519760116,base_link,388,402,471,369,1056,664,766,570,426,375
1595768254558904504,17877,1595768254559760116,base_link,391,391,471,368,1055,653,734,569,435,375
1595768254599986119,17878,1595768254601760116,base_link,391,391,470,367,1055,653,744,559,517,375
1595768254641223434,17879,1595768254642760116,base_link,388,402,471,369,1056,664,745,570,518,375
1595768254681624708,17880,1595768254682760116,base_link,401,391,471,368,1055,664,734,559,435,375
1595768254721540443,17881,1595768254722760116,base_link,391,391,460,368,1045,653,755,559,445,365
1595768254764082843,17882,1595768254763760116,base_link,391,391,470,367,1034,653,734,585,430,380
1595768254802428057,17883,1595768254804760116,base_link,391,391,461,367,1044,653,744,575,430,380
1595768254845292750,17884,1595768254844760116,base_link,390,390,469,367,1055,653,744,568,434,373
1595768254883844743,17885,1595768254884760116,base_link,391,391,460,368,1055,653,744,559,415,364
1595768254923709124,17886,1595768254925760116,base_link,391,391,471,358,1045,664,755,559,435,380
1595768254964201002,17887,1595768254965760116,base_link,391,391,460,367,1044,653,734,585,430,380
1595768255005985381,17888,1595768255005760116,base_link,388,391,482,369,1056,664,766,580,426,375
1595768255044367571,17889,1595768255045760116,base_link,391,391,481,368,1045,653,755,550,435,364
1595768255085562165,17890,1595768255087760116,base_link,391,391,480,357,1044,664,734,585,441,379
1595768255126498737,17891,1595768255128760116,base_link,391,391,461,367,1044,653,734,575,451,380
1595768255166681670,17892,1595768255168760116,base_link,391,391,471,368,1055,664,755,569,517,375
1595768255207081246,17893,1595768255208760116,base_link,391,380,470,367,1044,653,744,585,430,380
1595768255246585553,17894,1595768255249760116,base_link,388,391,471,369,1056,664,766,550,426,375
1595768255290281464,17895,1595768255292760116,base_link,391,391,470,367,1044,653,744,575,522,380
1595768255333225149,17896,1595768255334760116,base_link,390,378,469,356,1068,677,747,572,520,388
1595768255373560090,17897,1595768255374760116,base_link,390,378,459,367,1068,666,758,583,449,379
1595768255414880982,17898,1595768255415760116,base_link,389,378,472,356,1057,676,747,582,448,377
1595768255463767030,17899,1595768255456760116,base_link,391,391,460,367,1044,663,734,559,415,364
1595768255495599576,17900,1595768255497760116,base_link,391,391,460,368,1055,664,755,559,425,365
1595768255536502442,17901,1595768255538760116,base_link,391,391,471,358,1045,653,734,569,435,374
1595768255577256719,17902,1595768255578760116,base_link,391,391,460,367,1044,653,755,574,451,380
1595768255619850532,17903,1595768255618760116,base_link,391,380,460,367,1034,653,744,585,441,380
1595768255657392536,17904,1595768255659760116,base_link,391,391,471,368,1055,653,734,569,415,365
1595768255697795296,17905,1595768255699760116,base_link,390,390,470,367,1055,653,734,568,445,373
1595768255738659891,17906,1595768255739760116,base_link,391,391,460,358,1066,664,734,559,517,375
1595768255778344554,17907,1595768255780760116,base_link,391,391,471,368,1055,653,744,569,517,375
1595768255821168124,17908,1595768255820760116,base_link,391,391,481,358,1045,664,734,559,506,375
1595768255859569356,17909,1595768255860760116,base_link,391,391,471,368,1045,653,744,569,517,374
1595768255900704414,17910,1595768255901760116,base_link,391,391,460,367,1044,653,744,576,441,380
1595768255941563859,17911,1595768255943760116,base_link,388,402,471,369,1056,675,755,559,426,375
1595768255982184166,17912,1595768255983760116,base_link,391,391,471,368,1055,653,724,569,435,382
1595768256022816003,17913,1595768256023760116,base_link,391,391,470,367,1044,653,775,554,441,389
1595768256063056648,17914,1595768256064760116,base_link,388,391,471,369,1056,664,755,550,426,375
1595768256101372129,17915,1595768256105760116,base_link,390,390,469,367,1055,653,734,568,424,364
1595768256144457509,17916,1595768256145760116,base_link,390,391,460,357,1044,663,734,568,445,373
1595768256185910546,17917,1595768256183743076,base_link,390,378,469,367,1068,677,758,572,439,379
1595768256226646577,17918,1595768256223743076,base_link,391,391,471,368,1055,664,744,569,476,375
1595768256268942673,17919,1595768256264743076,base_link,391,391,460,368,1045,653,744,569,425,375
1595768256308850328,17920,1595768256306743076,base_link,391,391,471,368,1066,653,734,569,435,375
1595768256348428127,17921,1595768256347743076,base_link,401,390,460,368,1045,653,755,487,415,382
1595768256390555806,17922,1595768256387743076,base_link,391,391,471,368,1045,664,734,569,435,375
1595768256430557787,17923,1595768256427743076,base_link,390,390,459,367,1055,653,734,568,434,373
1595768256471322132,17924,1595768256468743076,base_link,391,391,460,367,1044,653,765,574,430,380
1595768256511393488,17925,1595768256509743076,base_link,401,391,460,368,1055,664,734,559,415,382
1595768256550396597,17926,1595768256549743076,base_link,388,391,471,369,1046,664,755,580,426,375
1595768256595267844,17927,1595768256589743076,base_link,391,391,460,367,1044,664,744,585,451,380
1595768256633240068,17928,1595768256630743076,base_link,391,391,471,368,1055,664,744,569,425,365
1595768256674757271,17929,1595768256672743076,base_link,401,390,481,358,1045,664,744,549,415,380
1595768256715204737,17930,1595768256713743076,base_link,391,391,460,368,1045,653,734,559,415,382
1595768256754410819,17931,1595768256753743076,base_link,400,388,470,357,1065,663,744,568,414,362
1595768256797016531,17932,1595768256793743076,base_link,391,391,471,368,1066,653,744,569,435,365
1595768256836887297,17933,1595768256835743076,base_link,391,380,470,357,1048,653,749,583,450,388
1595768256877836273,17934,1595768256875743076,base_link,391,391,460,357,1045,653,755,569,435,375
1595768256917636754,17935,1595768256915743076,base_link,391,391,471,358,1055,664,734,569,435,375
1595768256957187772,17936,1595768256955743076,base_link,391,391,471,358,1055,653,755,559,446,391
1595768256998782018,17937,1595768256997743076,base_link,401,390,471,358,1055,653,755,569,425,380
1595768257039670809,17938,1595768257037743076,base_link,390,390,469,367,1054,663,764,558,516,373
1595768257080821762,17939,1595768257077743076,base_link,389,377,482,356,1068,666,757,582,530,377
1595768257121478311,17940,1595768257118743076,base_link,391,391,460,368,1045,664,744,569,435,374
1595768257163263969,17941,1595768257160743076,base_link,401,390,471,358,1066,653,744,559,404,380
1595768257205407491,17942,1595768257202743076,base_link,391,391,471,368,1045,664,734,579,435,375
1595768257244961519,17943,1595768257242743076,base_link,390,378,459,356,1058,666,758,572,439,377
1595768257285201166,17944,1595768257282743076,base_link,391,391,471,368,1045,653,744,559,435,365
1595768257325296074,17945,1595768257323743076,base_link,391,391,470,358,1055,664,724,569,425,374
1595768257364829681,17946,1595768257364743076,base_link,391,391,480,367,1065,653,734,585,451,380
1595768257407137484,17947,1595768257404743076,base_link,389,389,472,356,1068,676,747,582,438,386
1595768257448276724,17948,1595768257444743076,base_link,391,391,460,368,1045,664,744,559,425,382
1595768257487543634,17949,1595768257485743076,base_link,389,377,482,356,1057,666,747,572,428,377
1595768257528244900,17950,1595768257526743076,base_link,388,391,471,369,1066,664,735,580,447,375
1595768257567377351,17951,1595768257566743076,base_link,391,391,471,368,1045,653,734,569,425,375
1595768257609492774,17952,1595768257606743076,base_link,401,390,471,368,1055,664,744,559,425,375
1595768257649938526,17953,1595768257647743076,base_link,391,391,471,358,1045,653,755,569,415,380
1595768257691655434,17954,1595768257689743076,base_link,388,391,482,369,1066,664,745,580,436,375
1595768257731481304,17955,1595768257729743076,base_link,390,390,481,367,1054,663,734,568,434,373
1595768257770778750,17956,1595768257769743076,base_link,390,391,470,367,1055,653,754,548,414,364
1595768257813462492,17957,1595768257810743076,base_link,391,391,470,357,1055,653,744,575,441,379
1595768257852795041,17958,1595768257851743076,base_link,391,391,460,357,1055,664,734,569,425,363
1595768257893780598,17959,1595768257891743076,base_link,391,391,471,367,1044,653,734,574,451,389
1595768257934304390,17960,1595768257932743076,base_link,391,380,470,357,1058,653,749,573,439,378
1595768257974850112,17961,1595768257972743076,base_link,390,390,469,367,1044,653,754,568,434,364
1595768258023272675,17962,1595768258013743076,base_link,391,391,470,367,1055,653,734,585,441,380
1595768258060244810,17963,1595768258053743076,base_link,391,391,481,368,1055,664,744,569,425,375
1595768258096183560,17964,1595768258093743076,base_link,391,391,470,367,1044,653,734,585,461,389
1595768258136607191,17965,1595768258134743076,base_link,391,391,471,368,1055,653,744,559,506,391
1595768258175803236,17966,1595768258174743076,base_link,390,390,469,367,1054,663,734,558,516,373
1595768258217352465,17967,1595768258214743076,base_link,401,391,471,368,1055,664,755,559,415,365
1595768258256898788,17968,1595768258255743076,base_link,391,391,471,368,1045,664,744,569,445,375
1595768258298249473,17969,1595768258296743076,base_link,391,391,471,358,1045,653,734,559,506,375
1595768258338593668,17970,1595768258336743076,base_link,391,391,471,368,1066,664,734,579,445,375
1595768258377764040,17971,1595768258376743076,base_link,391,391,481,358,1045,664,734,569,446,380
1595768258418885077,17972,1595768258417743076,base_link,391,391,470,367,1044,653,735,585,451,389
1595768258459622923,17973,1595768258457743076,base_link,391,391,471,368,1066,664,734,579,435,375
1595768258499992692,17974,1595768258497743076,base_link,391,391,460,368,1045,653,734,569,517,391
1595768258540962673,17975,1595768258538743076,base_link,401,390,471,368,1055,664,755,550,415,365
1595768258580090232,17976,1595768258580743076,base_link,391,391,470,367,1044,653,724,574,522,389
1595768258620943572,17977,1595768258620743076,base_link,391,391,470,367,1044,664,755,575,441,380
1595768258663871428,17978,1595768258661743076,base_link,389,378,482,356,1057,666,747,561,428,377
1595768258705432827,17979,1595768258704125076,base_link,388,391,471,369,1056,664,745,570,436,375
1595768258745431934,17980,1595768258746125076,base_link,391,391,460,368,1055,653,734,559,445,375
1595768258789943019,17981,1595768258788125076,base_link,391,391,471,358,1066,653,755,559,425,380
1595768258829698845,17982,1595768258830125076,base_link,391,391,471,367,1065,653,755,564,451,380
1595768258874085366,17983,1595768258871125076,base_link,401,390,471,368,1055,653,734,559,415,382
1595768258913863247,17984,1595768258913125076,base_link,388,391,471,369,1066,664,745,581,436,375
1595768258955581062,17985,1595768258955125076,base_link,390,390,470,357,1055,653,734,568,445,373
1595768259002023740,17986,1595768258995125076,base_link,391,391,471,368,1045,653,734,569,435,391
1595768259037108037,17987,1595768259035125076,base_link,401,390,460,358,1066,653,755,569,415,380
1595768259077109541,17988,1595768259077125076,base_link,391,391,470,367,1044,664,734,585,522,389
1595768259117698569,17989,1595768259117125076,base_link,391,391,471,368,1045,653,744,559,425,382
1595768259157930362,17990,1595768259157125076,base_link,391,391,470,367,1044,664,755,574,461,389
1595768259203286755,17991,1595768259198125076,base_link,391,380,470,357,1044,653,734,575,522,390
1595768259238962611,17992,1595768259239125076,base_link,391,391,471,368,1045,653,744,569,476,375
1595768259279578007,17993,1595768259279125076,base_link,391,391,460,368,1066,664,734,579,445,365
1595768259320660594,17994,1595768259319125076,base_link,391,391,471,358,1066,653,744,549,415,380
1595768259361479702,17995,1595768259360125076,base_link,392,392,460,357,1044,653,744,564,430,379
1595768259402359294,17996,1595768259402125076,base_link,391,391,481,368,1055,653,744,550,425,375
1595768259442348020,17997,1595768259442125076,base_link,391,391,460,368,1055,653,744,569,435,375
1595768259481929581,17998,1595768259482125076,base_link,391,391,470,357,1065,653,734,575,451,379
1595768259522711428,17999,1595768259523125076,base_link,388,391,471,369,1066,664,755,570,426,375
1595768259564356278,18000,1595768259564125076,base_link,388,377,472,369,1057,665,746,560,427,376
1595768259612781355,18001,1595768259604125076,base_link,391,391,471,367,1044,653,734,574,430,380
1595768259646533800,18002,1595768259644125076,base_link,388,391,482,369,1046,664,745,580,528,375
1595768259683750573,18003,1595768259684125076,base_link,388,391,471,369,1066,664,745,580,436,375
1595768259726416179,18004,1595768259727125076,base_link,390,390,470,367,1044,653,744,578,434,373
1595768259768467646,18005,1595768259769125076,base_link,391,391,481,368,1066,664,744,550,425,375
1595768259811661567,18006,1595768259811125076,base_link,391,391,470,357,1044,653,744,575,430,379
1595768259852828310,18007,1595768259852125076,base_link,390,378,469,356,1058,666,747,572,449,377
1595768259894995552,18008,1595768259894125076,base_link,391,391,481,358,1055,653,734,559,445,375
1595768259934843475,18009,1595768259934125076,base_link,391,391,460,368,1055,653,734,569,425,364
1595768259976063014,18010,1595768259974125076,base_link,391,391,461,357,1044,664,744,575,441,379
1595768260015452104,18011,1595768260015125076,base_link,391,391,471,368,1066,664,744,559,415,365
1595768260056477313,18012,1595768260056125076,base_link,391,391,471,368,1055,664,734,579,527,375
1595768260096749735,18013,1595768260096125076,base_link,389,390,481,367,1044,652,733,579,434,373
1595768260137225851,18014,1595768260136125076,base_link,401,390,471,368,1045,664,744,569,415,365
1595768260177458919,18015,1595768260177125076,base_link,391,391,460,358,1045,653,755,569,415,380
1595768260217640182,18016,1595768260217125076,base_link,390,390,469,367,1068,666,737,583,449,387
1595768260257519199,18017,1595768260257125076,base_link,390,390,459,356,1058,666,768,562,428,377
1595768260297526771,18018,1595768260298125076,base_link,391,391,460,357,1045,653,734,579,435,375
1595768260338780463,18019,1595768260339125076,base_link,391,391,470,367,1055,653,734,569,435,375
1595768260379655234,18020,1595768260380125076,base_link,401,391,471,358,1045,653,734,559,425,380
1595768260420481240,18021,1595768260420125076,base_link,388,391,471,369,1056,664,766,559,416,375
1595768260460301377,18022,1595768260460125076,base_link,391,391,470,367,1055,663,734,559,517,375
1595768260501248180,18023,1595768260502125076,base_link,388,388,472,369,1057,675,736,581,437,376
1595768260542440334,18024,1595768260543125076,base_link,390,390,459,367,1044,653,754,568,424,373
1595768260583275924,18025,1595768260583125076,base_link,391,391,460,368,1055,664,734,559,415,382
1595768260625955555,18026,1595768260623125076,base_link,391,391,471,368,1045,664,734,569,435,375
1595768260665443640,18027,1595768260663125076,base_link,390,390,469,367,1054,663,734,579,434,364
1595768260706006568,18028,1595768260707125076,base_link,401,391,471,368,1055,664,744,569,415,365
1595768260749657913,18029,1595768260748125076,base_link,401,390,460,368,1066,653,744,539,415,365
1595768260788771172,18030,1595768260790125076,base_link,388,402,471,369,1056,675,745,570,426,375
1595768260832886270,18031,1595768260831125076,base_link,391,391,460,368,1045,664,755,559,425,382
1595768260871753758,18032,1595768260871125076,base_link,391,391,470,367,1055,653,744,548,425,364
1595768260912653785,18033,1595768260911125076,base_link,391,391,471,367,1044,664,744,576,441,380
1595768260952779220,18034,1595768260952125076,base_link,391,391,471,368,1055,653,765,549,415,382
1595768260992728314,18035,1595768260994125076,base_link,388,377,472,369,1057,665,746,570,437,376
1595768261035536336,18036,1595768261034125076,base_link,391,391,470,367,1044,664,724,595,441,389
1595768261074703489,18037,1595768261074125076,base_link,390,390,469,367,1044,662,723,568,434,373
1595768261114880309,18038,1595768261115125076,base_link,391,391,460,368,1045,664,734,559,435,382
1595768261154408903,18039,1595768261156125076,base_link,391,391,471,368,1045,664,744,569,435,365
1595768261197859832,18040,1595768261196125076,base_link,391,391,471,368,1045,654,724,569,435,374
1595768261240214412,18041,1595768261243039922,base_link,401,390,471,368,1045,664,734,569,425,375
1595768261277289805,18042,1595768261284039922,base_link,391,391,471,368,1066,653,734,569,435,375
1595768261318418432,18043,1595768261324039922,base_link,401,389,470,367,1055,653,744,569,425,375
1595768261358736857,18044,1595768261364039922,base_link,400,388,469,367,1054,652,743,568,424,373
1595768261396887836,18045,1595768261404039922,base_link,391,391,470,367,1066,653,744,569,425,375
1595768261439516477,18046,1595768261446039922,base_link,391,391,471,368,1045,653,734,569,435,365
1595768261484129368,18047,1595768261486039922,base_link,391,391,460,368,1066,664,744,580,445,375
1595768261520646089,18048,1595768261526039922,base_link,391,391,460,368,1045,664,744,559,415,364
1595768261561294590,18049,1595768261567039922,base_link,391,391,470,357,1044,653,724,574,451,379
1595768261605485404,18050,1595768261610039922,base_link,388,391,471,369,1046,664,776,550,426,375
1595768261645198258,18051,1595768261652039922,base_link,391,391,460,368,1045,653,734,569,445,375
1595768261686901374,18052,1595768261693039922,base_link,390,390,469,367,1055,653,744,558,434,373
1595768261730409315,18053,1595768261735039922,base_link,391,391,460,358,1055,653,734,579,435,375
1595768261771325380,18054,1595768261777039922,base_link,391,391,471,358,1045,653,734,569,435,375
1595768261813598017,18055,1595768261817039922,base_link,389,389,472,356,1057,666,747,582,438,377
1595768261852537458,18056,1595768261857039922,base_link,391,391,471,368,1045,653,734,569,445,375
1595768261892408238,18057,1595768261897039922,base_link,391,391,470,367,1044,653,734,585,441,380
1595768261933201285,18058,1595768261939039922,base_link,390,390,459,356,1058,666,758,583,449,377
1595768261973794127,18059,1595768261979039922,base_link,389,377,472,356,1068,666,757,572,428,377
1595768262014395211,18060,1595768262019039922,base_link,391,391,471,368,1055,653,734,569,517,375
1595768262054438341,18061,1595768262060039922,base_link,391,380,471,367,1055,653,724,585,441,380
1595768262096310110,18062,1595768262102039922,base_link,401,389,470,367,1055,653,734,569,426,364
1595768262139584568,18063,1595768262142039922,base_link,401,391,471,368,1055,664,734,559,415,382
1595768262176620566,18064,1595768262182039922,base_link,391,391,470,357,1055,653,744,543,430,389
1595768262216597274,18065,1595768262223039922,base_link,391,391,481,368,1055,653,724,569,425,375
1595768262257619656,18066,1595768262264039922,base_link,388,377,472,369,1057,665,746,581,427,376
1595768262297717105,18067,1595768262305039922,base_link,391,391,470,357,1065,664,734,554,430,379
1595768262340180261,18068,1595768262345039922,base_link,390,390,459,367,1044,653,755,568,434,373
1595768262380254854,18069,1595768262385039922,base_link,391,391,460,368,1045,664,744,569,435,375
1595768262420276114,18070,1595768262427039922,base_link,390,390,469,367,1044,653,754,548,424,364
1595768262461267891,18071,1595768262468039922,base_link,391,391,460,358,1045,653,734,579,435,375
1595768262500330231,18072,1595768262508039922,base_link,391,391,461,367,1055,653,734,575,533,380
1595768262541907602,18073,1595768262548039922,base_link,391,391,470,367,1055,653,755,585,451,389
1595768262584060706,18074,1595768262589039922,base_link,389,377,482,367,1068,666,747,572,428,378
1595768262626367283,18075,1595768262633039922,base_link,391,391,460,368,1055,653,744,559,415,365
1595768262668595864,18076,1595768262674039922,base_link,391,392,471,368,1045,653,724,569,462,381
1595768262710088459,18077,1595768262716039922,base_link,387,402,471,369,1056,664,735,580,446,375
1595768262750860297,18078,1595768262756039922,base_link,391,391,460,368,1045,653,755,569,435,375
1595768262790864429,18079,1595768262796039922,base_link,391,391,471,368,1055,664,775,549,415,365
1595768262830678512,18080,1595768262836039922,base_link,390,390,460,367,1033,653,749,563,430,380
1595768262871708148,18081,1595768262878039922,base_link,388,391,471,369,1066,664,745,580,528,375
1595768262912355895,18082,1595768262918039922,base_link,389,377,472,356,1068,666,777,582,428,377
1595768262953002711,18083,1595768262958039922,base_link,388,391,471,369,1056,664,745,580,447,375
1595768262992887258,18084,1595768262998039922,base_link,391,391,471,368,1045,664,734,559,435,364
1595768263033549458,18085,1595768263040039922,base_link,391,391,470,357,1055,653,775,564,441,389
1595768263077473667,18086,1595768263080039922,base_link,391,391,471,368,1045,653,734,559,435,382
1595768263114856120,18087,1595768263120039922,base_link,401,390,471,368,1066,664,755,569,435,375
1595768263154775078,18088,1595768263161039922,base_link,391,391,471,368,1055,664,765,569,446,375
1595768263195333149,18089,1595768263202039922,base_link,377,392,482,369,1056,664,745,570,528,375
1595768263235988327,18090,1595768263242039922,base_link,391,391,471,368,1055,664,765,559,425,375
1595768263276110596,18091,1595768263282039922,base_link,390,390,459,356,1054,652,743,568,445,373
1595768263316164597,18092,1595768263323039922,base_link,391,391,460,358,1045,653,765,549,415,380
1595768263356615799,18093,1595768263363039922,base_link,391,391,471,358,1045,664,734,569,435,364
1595768263396814927,18094,1595768263403039922,base_link,388,402,471,369,1066,664,745,570,518,375
1595768263438670193,18095,1595768263444039922,base_link,390,379,459,356,1058,677,758,562,439,377
1595768263482041337,18096,1595768263485039922,base_link,389,377,472,356,1057,676,757,572,448,377
1595768263521881139,18097,1595768263529039922,base_link,391,391,460,368,1045,653,734,569,415,365
1595768263563840650,18098,1595768263569039922,base_link,391,391,460,368,1055,653,744,549,425,382
1595768263604414376,18099,1595768263612039922,base_link,390,390,469,367,1054,662,733,558,516,373
1595768263647009863,18100,1595768263652039922,base_link,390,390,469,367,1054,662,754,579,414,364
1595768263685194101,18101,1595768263692039922,base_link,390,390,469,356,1068,677,747,583,439,377
